YEAR,WEEK,Air Temperature,Wet Bulb Temperature,Humidity,Rain Intensity,Interval Rain,Total Rain,Precipitation Type,Wind Direction,Wind Speed,Maximum Wind Speed,Barometric Pressure,Solar Radiation
2017,1,-7.403004032258064,-7.61887160017169,62.53024193548387,0.052584227201944125,0.0464516129032258,95.4218206408483,2.461960905473524,244.94354838709677,2.9973790322580647,4.634475806451612,998.8084677419355,34.39717741935484
2017,2,-0.7609146341463414,-1.9788007489553328,72.15040650406505,0.14334947767028527,0.15040650406504066,82.23860166452369,4.492531292254948,199.90650406504065,3.5784552845528452,5.334959349593496,999.460975609756,23.95528455284553
2017,3,4.088977505112474,3.4229420877062546,88.7157464212679,0.3046926389176956,0.30650306748466255,98.38237006943706,11.074967844807595,168.96932515337423,2.446830265848671,3.57239263803681,987.9184049079754,22.096114519427402
2017,4,0.7577665995975855,-0.06400573085362676,76.2354124748491,0.03934151198160787,0.026579476861167003,105.52050877147843,5.620925825129772,243.41046277665995,3.172837022132797,4.798591549295775,985.6319919517102,16.52112676056338
2017,5,-1.4459118236472945,-3.488030114282619,53.591182364729455,0.009597573525429231,0.006092184368737475,109.61979394223883,1.8359842808740605,264.84769539078155,3.2685370741482966,5.081963927855711,996.0466933867735,51.68336673346693
2017,6,1.6557947686116699,0.21230935872440485,67.90543259557344,0.03616292348686713,0.1195774647887324,111.47774299188707,2.4395622987172283,225.69416498993965,3.458953722334004,5.185513078470825,990.4710261569415,51.16700201207244
2017,7,6.184848484848485,2.7701453240281033,52.204040404040406,0.008287179487179485,6.0606060606060605e-05,112.19344045333652,0.1805128205128205,215.32929292929293,2.986666666666667,4.477777777777778,989.39898989899,80.83232323232323
2017,8,7.607002053388091,6.047649191855811,73.57700205338809,0.18408912602759972,0.11669404517453798,116.5017466406021,4.072849630259724,199.11088295687884,3.4359342915811086,5.072689938398358,987.6340862422998,52.6611909650924
2017,9,3.98877800407332,2.1110154177744405,67.66395112016293,0.12965934150250077,0.29376782077393077,151.62276494028114,4.412151784745253,200.4928716904277,3.7272912423625253,5.571486761710794,997.6348268839104,58.07739307535642
2017,10,3.88118609406953,1.0744635133171803,48.45398773006135,0.041828559996193844,0.0701840490797546,160.64521487322133,1.2692837865242825,206.37423312883436,4.3891615541922295,6.550715746421268,998.1703476482618,96.13087934560328
2017,11,0.6906557377049181,-1.0939827959583057,65.15368852459017,0.057649240959810125,0.03510245901639344,136.44728991249656,7.570461541637735,191.41803278688525,3.7104508196721313,5.236680327868853,1000.7782786885246,82.94262295081967
2017,12,6.082520325203252,4.09467673248161,72.27032520325203,0.2372938443670151,0.2164430894308943,117.48351142082849,8.983739837398375,142.5487804878049,4.16869918699187,5.797154471544715,997.755081300813,80.0691056910569
2017,13,5.1702839756592285,4.4523965824574345,81.65111561866125,0.7435957956850452,0.4522920892494929,14.714855860839625,7.829614604462475,119.24543610547667,3.788235294117647,5.090060851926978,993.7026369168358,61.40567951318459
2017,14,8.932282828282828,6.0444406140919895,66.42020202020203,0.8328047446946528,0.5183838383838384,10.722454329224961,9.734964322120286,166.81616161616162,4.444848484848484,6.395959595959596,987.1541414141413,100.72929292929292
2017,15,13.024857723577236,10.10835891577454,68.80081300813008,0.13730975267422565,0.299369918699187,19.5983928139733,4.425497454829544,174.0040650406504,3.444105691056911,4.966869918699187,996.9908536585366,111.54471544715447
2017,16,11.847058823529412,9.154753787061415,64.81135902636917,0.0978069877987879,0.021176470588235293,51.17782819657574,1.5322108300400132,149.63488843813388,3.4225152129817444,4.810953346855984,995.9653144016228,142.16024340770792
2017,17,11.488548387096774,9.519241288863663,75.75,0.3379681093232622,0.567883064516129,48.96798598329981,9.826497134729722,122.50806451612904,3.9673387096774193,5.709475806451613,986.2951612903227,94.4274193548387
2017,18,8.299576612903227,6.464461814558951,70.42540322580645,0.14058873005503728,0.15461693548387095,15.34422367256063,5.451205498531039,161.8266129032258,4.15483870967742,6.072379032258064,988.6695564516128,125.27016129032258
2017,19,10.529594320486815,8.1433815600517,69.20689655172414,0.13837474243148457,0.24525354969574037,12.18157198901238,4.505720548642829,104.45841784989858,2.5365111561866125,3.5160243407707914,992.2752535496958,157.0425963488844
2017,20,17.38341463414634,13.769432224383594,68.36382113821138,0.16475086039203948,0.1644308943089431,6.688325020366763,3.3458526609805976,154.96747967479675,4.082723577235773,6.233130081300812,990.0835365853658,123.90040650406505
2017,21,14.04919191919192,12.422295511350724,79.61616161616162,0.26581818181818184,0.28214141414141414,20.2388670343517,9.309487513168495,161.97373737373738,2.8155555555555556,4.335555555555556,986.2036363636363,126.08282828282829
2017,22,20.636306122448982,14.038221469359765,47.67755102040816,8.366079350994694e-05,0.006285714285714286,36.027235737110125,0.6742229414724392,211.14081632653063,2.0946938775510207,3.3875510204081634,992.0722448979592,181.23265306122448
2017,23,20.156397515527953,15.617585440304868,60.7639751552795,0.007435858633573789,0.0044720496894409935,37.25505462756195,2.019030674651713,156.91925465838509,3.0209109730848858,4.777225672877847,991.324016563147,188.1262939958592
2017,24,24.18008230452675,19.97361585405892,67.0082304526749,0.12872433471814274,0.26251028806584364,52.25101268281594,7.316216971118932,194.37037037037038,2.477572016460905,4.030246913580247,987.79341563786,146.9238683127572
2017,25,21.098688524590163,17.083710101424277,63.442622950819676,0.11129373583270795,0.17200819672131146,79.00243979916286,10.204275137514603,214.9672131147541,2.341393442622951,3.873360655737705,990.3243852459016,147.42418032786884
2017,26,21.697034764826178,17.127710662175218,62.282208588957054,0.2006945124016711,0.1566871165644172,102.97391877830675,8.09603532312093,217.23721881390594,2.2740286298568506,3.776482617586912,992.0239263803682,152.24130879345603
2017,27,22.646418219461697,19.28726825566183,70.13457556935818,0.20803090347902295,0.042463768115942026,117.11259852627349,6.908447014441946,129.42443064182194,2.0134575569358177,3.0544513457556937,994.2356107660455,167.75983436853002
2017,28,22.875,20.577265982057444,78.2673469387755,0.32644977009208587,0.4243673469387755,168.08563918409885,8.895212072559085,169.68775510204082,2.3534693877551023,3.6418367346938774,992.8846938775511,109.61836734693877
2017,29,23.381861471861473,21.135312552371374,80.12337662337663,0.5740683499507029,0.6914069264069265,227.11483038747716,9.914164267105443,142.71861471861473,1.7532467532467533,2.776190476190476,992.6476190476191,143.5930735930736
2017,30,22.492510204081633,19.706138552147756,73.84489795918367,0.018195678147355978,0.006510204081632653,294.24841020302796,5.767077639522511,109.1734693877551,3.303061224489796,4.887551020408163,995.9189795918367,162.5142857142857
2017,31,22.12469827586207,18.77016614224509,69.83620689655173,0.15855704697986578,0.13797413793103447,313.8021654364647,5.918418323749845,185.74784482758622,1.9232758620689654,3.1073275862068965,994.2510775862069,121.87931034482759
2017,32,21.72704402515723,17.947886538771005,65.79454926624737,0.00392833759895244,0.0031446540880503146,326.6631405105626,2.425702682532633,167.71278825995807,2.089517819706499,3.140461215932914,996.1501048218029,143.74633123689728
2017,33,23.626060606060605,20.161723052972267,72.32034632034632,0.08734261952558481,0.03463203463203463,331.6967471834155,4.386291941496989,171.03463203463204,2.01017316017316,3.2155844155844155,990.3900432900433,135.4025974025974
2017,34,21.177262931034484,17.013530226631968,62.571120689655174,0.05240541639557579,0.08318965517241379,351.7433222728263,5.543062784645413,171.2155172413793,2.297198275862069,3.7687500000000003,996.8170258620689,127.59267241379311
2017,35,19.92675732217573,16.597694646172503,69.7970711297071,0.19906887434356232,0.06841004184100419,366.74811644859176,4.113551577127658,120.83891213389121,2.3518828451882845,3.73326359832636,995.8253138075314,128.69874476987448
2017,36,17.63230277185501,13.878550035821858,61.492537313432834,0.011273422660779969,0.004690831556503199,373.19020208918045,2.813575296575461,203.0597014925373,2.573987206823028,4.045415778251599,996.5307036247335,103.56503198294243
2017,37,20.835961995249406,17.780155076101593,73.32541567695962,0.007858266535986024,0.0035629453681710215,376.47767043222524,1.6268509319892746,131.3040380047506,2.118527315914489,3.110688836104513,993.8230403800475,111.8646080760095
2017,38,24.22874449339207,20.66200256975037,72.56387665198238,0.03419603524229073,0.042951541850220265,387.3572953377388,4.00715859030837,126.50220264317181,1.8623348017621146,2.814977973568282,994.1744493392071,110.08370044052863
2017,39,19.981387163561077,15.42487525580461,57.01449275362319,0.010591900311526478,0.0,389.20684936252667,0.6122642474299756,161.52380952380952,2.7648033126294,4.22608695652174,998.3484472049689,108.0351966873706
2017,40,20.03424369747899,16.71066616287039,71.43487394957984,0.28370384394346027,0.17436974789915966,401.8201244620545,6.208795532978961,171.0189075630252,2.7449579831932773,4.351680672268908,994.8180672268908,64.24159663865547
2017,41,16.265417515274947,14.80541201745518,81.80244399185337,1.1309960249858935,1.0523421588594704,539.4462001257942,13.376735601305596,146.65173116089613,3.190631364562118,4.729124236252546,995.074134419552,38.729124236252545
2017,42,16.960946502057613,11.757733702532317,54.78600823045267,0.13144852736743906,0.04650205761316873,671.2505098361306,3.150573251044488,208.73456790123456,3.073456790123457,5.006378600823045,997.5765432098766,77.43827160493827
2017,43,7.912326530612245,6.155214653636721,68.37551020408164,0.6629400143654491,0.36979591836734693,102.51246713189623,13.83452320547205,235.5612244897959,2.8916326530612246,4.660612244897959,985.965918367347,46.406122448979595
2017,44,7.157383177570094,4.754072877431064,70.67289719626169,0.12481544245968908,0.08411214953271028,18.34542767509608,6.525595651207137,189.7663551401869,3.111214953271028,4.805607476635514,992.1441588785048,30.5
2017,45,3.120252631578947,1.2539009927347347,62.20421052631579,0.03773261605013585,0.027157894736842107,16.530139923465175,4.624193000942821,204.05894736842106,2.925684210526316,4.43221052631579,1004.0595789473684,33.64421052631579
2017,46,4.849897750511247,3.3850225252117485,71.8077709611452,0.31711446067422117,0.15296523517382413,10.812886058628104,6.473898614751597,219.61963190184048,3.2202453987730064,4.9441717791411035,994.438036809816,31.666666666666668
2017,47,5.552228915662651,2.3012214603460905,52.903614457831324,0.057003919291624315,0.030120481927710843,8.076816645128133,0.3454782987371171,260.72289156626505,3.4562248995983937,5.504618473895583,991.9642570281125,48.18473895582329
2017,48,9.121820040899795,4.842379349395466,51.50102249488753,0.00023639331344627666,0.0,9.370319665871907,0.1313296185812649,212.80572597137015,2.7263803680981598,4.095705521472393,996.8253578732106,48.574642126789364
2017,49,1.2916930022573363,-0.9637334191586431,53.62302483069978,0.006020452886717444,0.015349887133182845,11.36250633292081,3.2673093099604307,259.372460496614,4.385778781038375,6.977200902934538,990.3891647855531,36.09706546275395
2017,50,-0.4599563318777293,-2.2655187989719563,62.16375545851528,0.016026431331044172,0.01462882096069869,16.006792497202383,2.4065574688568194,226.5873362445415,3.118122270742358,4.834061135371179,989.7615720524017,35.88646288209607
2017,51,2.0876315789473683,0.2832083962660288,69.20445344129554,0.029338940349205922,0.015991902834008098,17.05644794813299,2.798601014025896,196.86032388663966,3.129352226720648,4.561336032388664,994.195951417004,26.732793522267208
2017,52,"[  0.28701493          nan          nan          nan          nan
          nan          nan          nan          nan          nan
          nan          nan          nan          nan          nan
          nan          nan          nan          nan          nan
          nan          nan          nan          nan          nan
          nan          nan          nan          nan          nan
          nan          nan          nan          nan          nan
          nan          nan          nan          nan          nan
          nan          nan          nan          nan          nan
          nan          nan          nan          nan          nan
          nan          nan -12.53533333]","[ -3.15499842          nan          nan          nan          nan
          nan          nan          nan          nan          nan
          nan          nan          nan          nan          nan
          nan          nan          nan          nan          nan
          nan          nan          nan          nan          nan
          nan          nan          nan          nan          nan
          nan          nan          nan          nan          nan
          nan          nan          nan          nan          nan
          nan          nan          nan          nan          nan
          nan          nan          nan          nan          nan
          nan          nan -12.8671862 ]","[66.59701493         nan         nan         nan         nan         nan
         nan         nan         nan         nan         nan         nan
         nan         nan         nan         nan         nan         nan
         nan         nan         nan         nan         nan         nan
         nan         nan         nan         nan         nan         nan
         nan         nan         nan         nan         nan         nan
         nan         nan         nan         nan         nan         nan
         nan         nan         nan         nan         nan         nan
         nan         nan         nan         nan 59.09166667]","[0.0160707       nan       nan       nan       nan       nan       nan
       nan       nan       nan       nan       nan       nan       nan
       nan       nan       nan       nan       nan       nan       nan
       nan       nan       nan       nan       nan       nan       nan
       nan       nan       nan       nan       nan       nan       nan
       nan       nan       nan       nan       nan       nan       nan
       nan       nan       nan       nan       nan       nan       nan
       nan       nan       nan 0.012375 ]","[0.                nan        nan        nan        nan        nan
        nan        nan        nan        nan        nan        nan
        nan        nan        nan        nan        nan        nan
        nan        nan        nan        nan        nan        nan
        nan        nan        nan        nan        nan        nan
        nan        nan        nan        nan        nan        nan
        nan        nan        nan        nan        nan        nan
        nan        nan        nan        nan        nan        nan
        nan        nan        nan        nan 0.00520833]","[89.01938495         nan         nan         nan         nan         nan
         nan         nan         nan         nan         nan         nan
         nan         nan         nan         nan         nan         nan
         nan         nan         nan         nan         nan         nan
         nan         nan         nan         nan         nan         nan
         nan         nan         nan         nan         nan         nan
         nan         nan         nan         nan         nan         nan
         nan         nan         nan         nan         nan         nan
         nan         nan         nan         nan 21.01649479]","[0.78369482        nan        nan        nan        nan        nan
        nan        nan        nan        nan        nan        nan
        nan        nan        nan        nan        nan        nan
        nan        nan        nan        nan        nan        nan
        nan        nan        nan        nan        nan        nan
        nan        nan        nan        nan        nan        nan
        nan        nan        nan        nan        nan        nan
        nan        nan        nan        nan        nan        nan
        nan        nan        nan        nan 5.66640625]","[194.20895522          nan          nan          nan          nan
          nan          nan          nan          nan          nan
          nan          nan          nan          nan          nan
          nan          nan          nan          nan          nan
          nan          nan          nan          nan          nan
          nan          nan          nan          nan          nan
          nan          nan          nan          nan          nan
          nan          nan          nan          nan          nan
          nan          nan          nan          nan          nan
          nan          nan          nan          nan          nan
          nan          nan 280.93541667]","[2.1761194         nan        nan        nan        nan        nan
        nan        nan        nan        nan        nan        nan
        nan        nan        nan        nan        nan        nan
        nan        nan        nan        nan        nan        nan
        nan        nan        nan        nan        nan        nan
        nan        nan        nan        nan        nan        nan
        nan        nan        nan        nan        nan        nan
        nan        nan        nan        nan        nan        nan
        nan        nan        nan        nan 2.93854167]","[3.14925373        nan        nan        nan        nan        nan
        nan        nan        nan        nan        nan        nan
        nan        nan        nan        nan        nan        nan
        nan        nan        nan        nan        nan        nan
        nan        nan        nan        nan        nan        nan
        nan        nan        nan        nan        nan        nan
        nan        nan        nan        nan        nan        nan
        nan        nan        nan        nan        nan        nan
        nan        nan        nan        nan 4.55333333]","[ 996.92985075           nan           nan           nan           nan
           nan           nan           nan           nan           nan
           nan           nan           nan           nan           nan
           nan           nan           nan           nan           nan
           nan           nan           nan           nan           nan
           nan           nan           nan           nan           nan
           nan           nan           nan           nan           nan
           nan           nan           nan           nan           nan
           nan           nan           nan           nan           nan
           nan           nan           nan           nan           nan
           nan           nan 1007.84916667]","[47.01492537         nan         nan         nan         nan         nan
         nan         nan         nan         nan         nan         nan
         nan         nan         nan         nan         nan         nan
         nan         nan         nan         nan         nan         nan
         nan         nan         nan         nan         nan         nan
         nan         nan         nan         nan         nan         nan
         nan         nan         nan         nan         nan         nan
         nan         nan         nan         nan         nan         nan
         nan         nan         nan         nan 40.57916667]"
2018,1,"[-12.548357            nan          nan          nan          nan
          nan          nan          nan          nan          nan
          nan          nan          nan          nan          nan
          nan          nan          nan          nan          nan
          nan          nan          nan          nan          nan
          nan          nan          nan          nan          nan
          nan          nan          nan          nan          nan
          nan          nan          nan          nan          nan
          nan          nan          nan          nan          nan
          nan          nan          nan          nan          nan
          nan          nan   2.77934783]","[-13.14057833          nan          nan          nan          nan
          nan          nan          nan          nan          nan
          nan          nan          nan          nan          nan
          nan          nan          nan          nan          nan
          nan          nan          nan          nan          nan
          nan          nan          nan          nan          nan
          nan          nan          nan          nan          nan
          nan          nan          nan          nan          nan
          nan          nan          nan          nan          nan
          nan          nan          nan          nan          nan
          nan          nan   1.17830712]","[56.30425963         nan         nan         nan         nan         nan
         nan         nan         nan         nan         nan         nan
         nan         nan         nan         nan         nan         nan
         nan         nan         nan         nan         nan         nan
         nan         nan         nan         nan         nan         nan
         nan         nan         nan         nan         nan         nan
         nan         nan         nan         nan         nan         nan
         nan         nan         nan         nan         nan         nan
         nan         nan         nan         nan 85.60869565]","[0.00187208        nan        nan        nan        nan        nan
        nan        nan        nan        nan        nan        nan
        nan        nan        nan        nan        nan        nan
        nan        nan        nan        nan        nan        nan
        nan        nan        nan        nan        nan        nan
        nan        nan        nan        nan        nan        nan
        nan        nan        nan        nan        nan        nan
        nan        nan        nan        nan        nan        nan
        nan        nan        nan        nan 1.06845513]","[0.00588235        nan        nan        nan        nan        nan
        nan        nan        nan        nan        nan        nan
        nan        nan        nan        nan        nan        nan
        nan        nan        nan        nan        nan        nan
        nan        nan        nan        nan        nan        nan
        nan        nan        nan        nan        nan        nan
        nan        nan        nan        nan        nan        nan
        nan        nan        nan        nan        nan        nan
        nan        nan        nan        nan 1.03782609]","[21.97467578         nan         nan         nan         nan         nan
         nan         nan         nan         nan         nan         nan
         nan         nan         nan         nan         nan         nan
         nan         nan         nan         nan         nan         nan
         nan         nan         nan         nan         nan         nan
         nan         nan         nan         nan         nan         nan
         nan         nan         nan         nan         nan         nan
         nan         nan         nan         nan         nan         nan
         nan         nan         nan         nan 10.69148936]","[ 2.87498404         nan         nan         nan         nan         nan
         nan         nan         nan         nan         nan         nan
         nan         nan         nan         nan         nan         nan
         nan         nan         nan         nan         nan         nan
         nan         nan         nan         nan         nan         nan
         nan         nan         nan         nan         nan         nan
         nan         nan         nan         nan         nan         nan
         nan         nan         nan         nan         nan         nan
         nan         nan         nan         nan 22.01665125]","[273.38133874          nan          nan          nan          nan
          nan          nan          nan          nan          nan
          nan          nan          nan          nan          nan
          nan          nan          nan          nan          nan
          nan          nan          nan          nan          nan
          nan          nan          nan          nan          nan
          nan          nan          nan          nan          nan
          nan          nan          nan          nan          nan
          nan          nan          nan          nan          nan
          nan          nan          nan          nan          nan
          nan          nan 171.34782609]","[3.52109533        nan        nan        nan        nan        nan
        nan        nan        nan        nan        nan        nan
        nan        nan        nan        nan        nan        nan
        nan        nan        nan        nan        nan        nan
        nan        nan        nan        nan        nan        nan
        nan        nan        nan        nan        nan        nan
        nan        nan        nan        nan        nan        nan
        nan        nan        nan        nan        nan        nan
        nan        nan        nan        nan 3.71086957]","[5.48904665        nan        nan        nan        nan        nan
        nan        nan        nan        nan        nan        nan
        nan        nan        nan        nan        nan        nan
        nan        nan        nan        nan        nan        nan
        nan        nan        nan        nan        nan        nan
        nan        nan        nan        nan        nan        nan
        nan        nan        nan        nan        nan        nan
        nan        nan        nan        nan        nan        nan
        nan        nan        nan        nan 4.77391304]","[1004.85862069           nan           nan           nan           nan
           nan           nan           nan           nan           nan
           nan           nan           nan           nan           nan
           nan           nan           nan           nan           nan
           nan           nan           nan           nan           nan
           nan           nan           nan           nan           nan
           nan           nan           nan           nan           nan
           nan           nan           nan           nan           nan
           nan           nan           nan           nan           nan
           nan           nan           nan           nan           nan
           nan           nan  985.57608696]","[41.46247465         nan         nan         nan         nan         nan
         nan         nan         nan         nan         nan         nan
         nan         nan         nan         nan         nan         nan
         nan         nan         nan         nan         nan         nan
         nan         nan         nan         nan         nan         nan
         nan         nan         nan         nan         nan         nan
         nan         nan         nan         nan         nan         nan
         nan         nan         nan         nan         nan         nan
         nan         nan         nan         nan  5.2173913 ]"
2018,2,-0.4575763747454175,-1.2691528323218149,74.0040733197556,0.013397630646348647,0.027291242362525458,20.424737733728193,6.595828867431989,229.26680244399185,4.34949083503055,6.557026476578411,997.8680244399186,30.213849287169044
2018,3,-2.2169678714859438,-3.7893534663724098,69.54417670682732,0.021153629328307243,0.00642570281124498,14.527655392457335,6.006308675230623,230.94979919678715,3.9469879518072286,6.1761044176706825,997.2369477911647,38.38755020080321
2018,4,3.8517422434367545,1.9109696206101638,69.97374701670644,0.20606926071291892,0.09952267303102624,31.264284024585784,3.5137602618309516,218.23389021479713,3.4620525059665868,5.090453460620525,994.7460620525059,25.723150357995227
2018,5,-4.996925795053004,-6.057301063512752,53.65017667844523,0.02730766687530511,0.017526501766784452,50.55783826985259,6.173159671238899,253.99293286219083,3.885159010600707,5.4416961130742045,1000.2812720848056,26.54416961130742
2018,6,-7.51222891566265,-7.540170803696714,69.92469879518072,0.12607925678618084,0.07012048192771085,63.570335801035455,17.363163497362947,219.68975903614458,2.9298192771084337,4.012951807228916,1001.5135542168674,26.301204819277107
2018,7,-0.04681818181818181,-1.0992617079889806,67.73636363636363,0.054809917355371884,0.008484848484848484,83.48569696969692,2.5035812672176307,210.3181818181818,2.985454545454546,4.2706060606060605,999.5848484848485,36.85757575757576
2018,8,5.027151515151515,3.9784749333829095,76.81212121212121,0.6172894590072504,0.48539393939393943,136.0893501890066,11.83248435272975,173.73939393939395,6.773636363636364,8.175757575757576,997.3827272727273,-275.8121212121212
2018,9,5.128251533742331,2.555487598328879,62.76993865030675,0.09309721856298692,0.1648159509202454,83.7880800933418,2.869321389589371,180.72699386503066,3.332208588957055,4.588957055214724,1000.0371165644171,52.72699386503067
2018,10,0.30830769230769234,-1.219922106369149,61.09230769230769,0.05181689476168001,0.05283076923076924,9.7156479649532,5.090243706981755,173.92307692307693,3.2329230769230772,4.394153846153846,993.3584615384615,56.43076923076923
2018,11,2.0189274447949526,-0.2588678059716732,58.214511041009466,0.0,0.0017981072555205047,11.761744340614634,1.1705652441322936,159.993690851735,3.4779179810725553,4.500315457413249,994.7643533123028,69.11356466876971
2018,12,1.355288753799392,0.2048898594206755,63.70820668693009,0.004523511532272482,0.00042553191489361707,11.974712438166742,0.3146790631146075,81.8419452887538,5.264437689969605,6.463221884498481,998.7607902735562,78.77811550151975
2018,13,4.470103092783505,2.637883311568888,68.00773195876289,0.0639105499893968,0.06288659793814433,14.3692515976095,4.468761510043269,178.29381443298968,3.022422680412371,4.254639175257732,996.1463917525773,72.20618556701031
2018,14,0.6024539877300614,-1.045312833251785,61.86094069529652,0.06949828747788776,0.04768916155419223,17.652667268872246,5.1795325379201325,199.76891615541922,3.3678936605316974,4.797955010224949,993.4942740286299,106.37832310838446
2018,15,4.9320204081632655,3.32721401061128,77.14081632653061,0.4841519418596504,0.28844897959183674,29.475332949299467,12.025869446106803,138.88571428571427,4.349183673469388,5.962448979591836,990.3083673469388,77.84081632653061
2018,16,3.4893877551020407,1.559224949362564,65.86530612244898,0.24063889976340821,0.06804081632653063,49.19382550084251,7.46864677480667,156.4918367346939,3.263673469387755,4.5377551020408164,998.4785714285714,114.67142857142858
2018,17,6.4719595959595955,4.740331258715096,67.87676767676767,0.009213753698602173,0.00898989898989899,53.795609427609385,1.1569431690643812,126.25656565656566,3.8426262626262626,5.31010101010101,995.7274747474747,169.1919191919192
2018,18,17.981914414414415,11.986291139624472,53.637387387387385,0.14531167531167533,0.23067567567567568,55.997662435162475,2.611156611156611,185.07432432432432,3.563063063063063,5.279504504504504,992.6155405405406,159.21621621621622
2018,19,13.47201219512195,10.787801419447758,70.98170731707317,0.4865577918016942,0.2028048780487805,74.1221367047587,2.6789186423332767,126.42682926829268,3.4910569105691054,4.848373983739838,994.095731707317,113.90650406504065
2018,20,11.939296375266524,11.254860613843142,84.35607675906184,0.2053176892274089,0.31098081023454155,101.36676214211705,5.126061597666985,117.78251599147121,2.9307036247334755,4.266950959488273,993.8353944562899,109.09168443496802
2018,21,18.195082304526746,14.943839320871842,73.67695473251028,0.07988634872103705,0.20181069958847736,64.68176618874463,3.8265428238327965,135.47530864197532,1.7109053497942386,2.5549382716049385,993.8555555555555,146.17489711934155
2018,22,19.248627450980393,16.963897168554034,76.29629629629629,0.016974311091958124,0.11586056644880174,66.06487815924099,3.001628001628002,158.51416122004358,2.576470588235294,3.9958605664488016,988.7272331154684,135.50762527233115
2018,23,15.792706611570248,13.990087998779545,77.96280991735537,0.15977301331643476,0.2967561983471074,82.23172320063837,9.006988267807321,127.78099173553719,2.4917355371900825,3.7448347107438016,993.1072314049587,118.92768595041322
2018,24,21.790631578947366,18.411611456756912,73.33263157894737,0.20135819491931814,0.1392421052631579,127.51998649386455,3.8424154101974852,134.69473684210527,1.8197894736842104,2.8581052631578947,992.7128421052631,129.74526315789473
2018,25,19.2048132780083,18.291927747535116,84.48132780082987,0.6576647167552797,0.69798755186722,199.2143142600135,10.80995343053282,135.43153526970954,2.645228215767635,3.9649377593360993,989.5064315352697,112.47925311203319
2018,26,24.005319587628865,21.34198953161125,78.1319587628866,0.14017161780480156,0.13915463917525772,278.21681090883686,4.282592721347712,162.23917525773197,2.1909278350515464,3.6874226804123715,991.7319587628866,149.44123711340205
2018,27,22.810505494505495,20.688956775194438,76.54065934065935,0.0673318948499009,0.19281318681318682,325.60231786254514,6.54585764504026,134.30989010989012,1.8085714285714285,2.7914285714285714,1001.3527472527472,177.2
2018,28,25.027639593908628,21.01264797954799,69.32233502538071,0.07472757861701453,0.03210659898477158,403.8968982349349,4.391205215156813,158.9517766497462,1.934517766497462,2.9913705583756345,997.3631979695431,145.91116751269035
2018,29,22.765460317460317,20.317634872241584,73.77777777777777,0.8521071428571428,0.2107301587301587,513.5267605497477,4.176829268292683,174.1015873015873,3.066666666666667,4.5980952380952385,990.4177777777777,110.64761904761905
2018,30,22.226840490797546,19.060600029926682,67.34049079754601,0.0,0.010705521472392638,551.0131313594189,0.5033012868472243,197.87730061349694,1.9432515337423313,2.854601226993865,993.972699386503,123.04907975460122
2018,31,24.750342679127726,20.64533489096573,67.79127725856698,0.052313084112149535,0.025794392523364483,530.0995521806863,0.919392523364486,173.42056074766356,2.3283489096573207,3.505607476635514,994.3454828660437,115.78193146417445
2018,32,23.89753164556962,21.96886945225817,78.2626582278481,0.11792164791373652,0.24933544303797467,177.8179782973905,2.5336380684481954,144.4620253164557,1.7943037974683544,2.6889240506329117,993.2050632911393,100.50632911392405
2018,33,24.478865030674847,21.8974202972089,76.53067484662577,0.41394593810943686,0.04981595092024539,14.74172139256323,1.7846055623164283,138.5245398773006,1.8187116564417176,2.688957055214724,993.1871165644171,98.83128834355828
2018,34,22.887147239263804,19.82566379317079,70.94171779141104,0.11559108820962434,0.22616564417177915,56.882137964729765,6.219192888292996,201.81901840490798,2.715950920245399,4.160736196319019,992.8285276073619,71.84969325153374
2018,35,24.293406940063093,21.745889949789504,74.22082018927445,0.3835187628222853,0.5536593059936908,118.21548775100534,5.812493077943673,174.05993690851736,3.0454258675078862,4.738170347003154,994.3917981072556,83.6813880126183
2018,36,22.043259493670885,20.12247740746675,74.73417721518987,0.8288094856593494,0.444367088607595,207.59452812049366,7.852251241788174,116.4113924050633,4.414240506329114,5.994303797468355,999.0174050632911,62.7246835443038
2018,37,20.439594594594595,18.43359291589726,80.59121621621621,0.0002518045996306824,0.0004391891891891892,239.75485143528627,0.3981534329360416,106.47972972972973,1.8638513513513515,2.6827702702702703,997.893581081081,109.91216216216216
2018,38,21.124984326018808,18.739032508192043,72.9373040752351,0.011372465027990174,0.04438871473354232,241.45297963445063,0.5225805737314688,141.80564263322884,2.8808777429467085,4.232288401253919,994.4777429467085,84.48902821316615
2018,39,16.250522875816994,13.802497990283458,69.12091503267973,0.15614716950357085,0.119281045751634,259.2519347647953,2.822247853389722,203.33660130718954,2.32156862745098,3.560457516339869,996.4434640522876,58.25816993464052
2018,40,17.39243161094225,15.977319941852782,82.49240121580547,0.6730593365931017,0.8292705167173252,325.6643495881238,4.739791198625611,145.75379939209728,3.2325227963525838,4.78693009118541,994.9288753799391,34.86626139817629
2018,41,14.329130434782611,11.999351876856604,70.16459627329192,0.13659195247096947,0.219472049689441,423.5273021874153,3.760464488252768,225.02173913043478,2.979192546583851,4.478260869565218,991.8316770186335,59.80124223602485
2018,42,7.970000000000001,5.113870446705628,54.55590062111801,0.03807723467458815,0.05372670807453416,446.64091353772295,3.160211760989305,261.4472049689441,3.300621118012422,4.92639751552795,999.205900621118,68.21428571428571
2018,43,9.261849529780564,6.420458993582479,64.9717868338558,0.10657537934880858,0.04200626959247649,437.5749137680059,1.796634856655373,157.5360501567398,2.6542319749216303,3.84858934169279,994.8319749216301,44.97805642633229
2018,44,9.59284375,7.453825870540788,72.55625,0.26799633605998635,0.28137500000000004,156.2283751207112,7.094218643490116,157.7875,3.6112499999999996,5.08875,991.2184375,30.790625
2018,45,3.4580937499999997,2.1047826488298123,65.596875,0.1603749147920927,0.09034375,6.81855672006361,6.669819359236537,236.0,3.605625,5.3390625,996.1075000000001,33.66875
2018,46,0.24245398773006138,-0.8300431812996584,68.03374233128834,0.1121271936244272,0.0806441717791411,11.651469897388079,7.441681082892017,236.16257668711657,3.138957055214724,4.315950920245399,1001.3122699386503,28.288343558282207
2018,47,2.869815950920245,1.4098242869783846,73.01533742331289,0.47417798615613965,0.19576687116564417,13.379109792120422,6.473318610145882,188.2361963190184,4.530061349693251,6.0404907975460125,993.9337423312884,25.28527607361963
2018,48,0.36495440729483286,-0.42084488595645875,78.08206686930092,0.6739565571947511,0.2662917933130699,2.4527442113326896,9.098845973262165,199.3890577507599,6.72370820668693,7.974468085106382,987.7006079027356,20.726443768996962
2018,49,-1.9454128440366971,-2.3027096654619594,67.63914373088684,0.03013622463163744,0.009418960244648318,9.360418867574822,6.057084607543323,264.1896024464832,2.9400611620795107,4.077675840978594,1002.2293577981651,27.103975535168196
2018,50,1.8569850746268657,0.7555988917687012,79.08955223880596,0.1026150683707212,0.05997014925373134,15.29806822176542,4.222146751273572,186.43283582089552,3.1202985074626866,4.16955223880597,996.0585074626865,36.63880597014926
2018,51,2.9275449101796407,1.7478593710782029,71.30538922155688,0.05040697049015739,0.025419161676646707,24.999056975868623,3.076123202696403,229.13473053892216,3.5739520958083832,4.952694610778443,990.8559880239521,30.550898203592816
2018,52,1.9822985074626867,1.010811416227564,73.98507462686567,0.3137997615439176,0.19919402985074627,18.60071282015199,5.594925106915417,210.5641791044776,3.814328358208955,5.246268656716418,997.264776119403,27.605970149253732
2019,1,2.3899999999999997,0.9071512641861185,73.31358885017421,0.015923553589684742,0.0008013937282229965,1.7139280248392645,0.9605507165623662,220.13240418118468,3.740418118466899,5.012891986062718,994.0975609756098,29.954703832752614
2019,2,-0.30668656716417914,-1.1229134458356012,69.52835820895523,0.17807976990388286,0.08014925373134328,5.213371704352492,6.321283078348054,191.84477611940298,4.604776119402985,6.1808955223880595,998.9937313432837,22.892537313432836
2019,3,-2.6234042553191492,-3.091236726799037,75.49240121580547,0.02336872853590175,0.01082066869300912,3.0457953394123582,7.014565981131331,197.85410334346506,4.736474164133739,6.211854103343465,998.8045592705167,19.601823708206688
2019,4,-9.502916666666668,-9.916596653631512,68.67559523809524,0.06252749602835142,0.045476190476190476,5.95817293983462,9.110732616399853,235.63392857142858,3.667261904761905,5.026488095238095,995.5815476190477,32.37797619047619
2019,5,-10.025179640718562,-10.960934418587971,71.32634730538922,0.07080210835813401,0.03377245508982036,15.619964604580396,8.157209959892022,223.68562874251498,4.476047904191617,6.258982035928144,994.3919161676647,44.1437125748503
2019,6,-2.1685119047619046,-1.8870927318295745,77.05654761904762,0.1649436090225564,0.15357142857142858,13.109434300035801,5.187074829931973,180.97321428571428,4.148809523809524,5.574702380952381,998.5410714285714,27.99404761904762
2019,7,-2.276842105263158,-2.9232453020887927,74.93092105263158,0.33805308078161267,0.19118421052631582,15.3097069888448,10.447190611664295,176.65131578947367,4.654276315789474,6.151644736842105,989.5641447368421,37.23684210526316
2019,8,-1.467870036101083,-2.410511993402495,70.97472924187726,0.009483852083130054,0.006967509025270759,18.621072787589014,6.074495072690018,175.40794223826714,4.161010830324909,5.579783393501804,1000.0364620938627,53.60649819494585
2019,9,-4.813885542168674,-5.426685002895195,65.93072289156626,0.024939759036144576,0.00018072289156626507,12.975270171595472,0.18054034319094558,177.40963855421685,3.592168674698795,4.84578313253012,1001.6325301204819,39.78012048192771
2019,10,-4.482293577981651,-5.286371840200848,64.7737003058104,0.3788236618449935,0.08192660550458715,12.197943105280306,2.8011686630474273,207.15902140672782,4.303975535168196,5.903058103975535,996.5617737003058,59.391437308868504
2019,11,4.510666666666666,2.9211571565789356,66.24242424242425,0.552139006188086,0.31675757575757574,15.221973215945612,5.011884843173187,214.3939393939394,4.075151515151515,5.752121212121212,994.77,60.74242424242424
2019,12,4.334,2.434581833029743,68.55223880597015,0.03961789915135765,0.058388059701492544,4.735260805715979,4.308349454242506,197.83582089552237,3.0456716417910448,4.161194029850746,999.0134328358209,60.80597014925373
2019,13,4.145662251655629,2.5791434051352047,61.24503311258278,0.293878638185531,0.19619205298013245,11.670294146277284,6.103545950594807,155.83774834437085,4.745033112582782,6.449337748344371,999.4579470198676,89.59602649006622
2019,14,7.422289156626506,4.816162652372641,69.88855421686748,0.21422858639966857,0.0944277108433735,2.1029642519534497,7.363010667412524,172.2078313253012,3.281024096385542,4.389759036144579,997.4945783132531,67.85843373493977
2019,15,7.691411411411411,6.379557377750149,67.89789789789789,0.3303867065312849,0.2646846846846847,13.082673527854249,6.763427173065727,161.68168168168168,5.630930930930931,7.2894894894894895,988.4228228228228,87.12612612612612
2019,16,9.942333333333332,7.196777197518968,65.53939393939395,0.22319079247578974,0.09403030303030303,7.664535314100291,6.5017188054555595,178.72727272727272,4.932727272727273,6.863333333333333,988.5130303030303,101.45151515151515
2019,17,10.183841463414634,7.935387145057481,67.00914634146342,0.4255692117187143,0.21719512195121948,8.031028411529475,6.387303202961129,136.4329268292683,4.017987804878049,5.430487804878049,991.4719512195121,88.21036585365853
2019,18,8.273611940298506,7.295137571339199,82.54029850746268,1.2227550017236315,0.8259402985074626,38.853440751758725,10.95387051057799,127.47462686567164,3.745074626865671,4.968059701492537,994.7459701492538,71.63582089552239
2019,19,9.134464285714285,8.68018707482993,78.4077380952381,0.34158163265306124,0.3908333333333333,40.90136054421768,9.209183673469388,131.7172619047619,4.211309523809524,5.669940476190476,993.7491071428572,67.96428571428571
2019,20,13.3084776119403,11.105362473347546,72.89253731343284,0.5566591311942868,0.2702686567164179,64.19756632071999,4.954684409278906,177.25671641791044,3.073432835820895,4.315820895522388,989.0946268656717,94.12537313432836
2019,21,16.363194444444446,14.20902777777778,71.26041666666667,0.3581655569647009,0.1828125,40.918101132600576,6.503514056224899,171.16666666666666,3.2940972222222222,4.893055555555556,993.9954861111112,110.18402777777777
2019,22,16.49747619047619,14.774995722840035,76.35,0.6178924857052812,0.49697619047619046,62.00498401692857,4.153977758768177,162.0690476190476,2.369285714285714,3.533333333333333,988.1926190476191,140.17380952380952
2019,23,16.513612774451097,14.277831164019268,76.69660678642714,0.16465631611029435,0.23033932135728544,38.23272975008071,3.6032127362042385,121.49700598802396,2.3293413173652695,3.5099800399201597,992.2441117764471,117.11576846307385
2019,24,17.58516966067864,13.936118261287772,65.32734530938124,0.14131318023529307,0.170938123752495,62.32118726351036,8.98876944475514,189.93812375249502,2.791017964071856,4.497405189620758,991.8894211576846,116.91417165668663
2019,25,15.728727634194831,14.56840339625361,82.69383697813122,0.23831653999245464,0.2121868787276342,97.67072388695532,6.301237352007359,123.40954274353876,2.2453280318091453,3.4620278330019882,990.8252485089463,107.40954274353876
2019,26,22.90329365079365,19.837454682471794,71.98412698412699,0.1483553301560145,0.16728174603174603,130.50896862737096,2.9006273167949814,175.34126984126985,1.8501984126984128,3.087103174603175,993.6896825396825,148.51785714285714
2019,27,24.23008,21.49388862275449,76.474,0.15451976047904187,0.19788,172.30828982035948,2.6579640718562874,156.262,2.3251999999999997,3.6342,993.037,147.346
2019,28,23.862854291417168,19.976327063452867,68.02794411177645,0.011411207435874515,0.002375249500998004,187.11911771773302,0.3769517003173027,140.27744510978044,2.0089820359281436,3.15249500998004,993.9696606786426,170.98403193612774
2019,29,27.06898190045249,23.5311666505433,73.42760180995475,0.2576105895860066,0.32782805429864253,208.7926548254204,4.654115383702741,186.98642533936652,2.306334841628959,3.7800904977375565,990.8918552036199,125.2579185520362
2019,30,23.876646825396826,18.64123843230986,59.763888888888886,0.003911564625850338,0.0006349206349206349,256.9964427437639,0.6244254458540173,181.19246031746033,2.4890873015873014,3.973412698412698,997.7982142857143,160.04166666666666
2019,31,22.69297619047619,19.53724489795918,71.48214285714286,0.08069727891156461,0.1307142857142857,277.5902494331063,1.9472789115646258,113.25396825396825,2.119642857142857,3.173611111111111,996.4902777777777,158.390873015873
2019,32,24.559841269841268,19.91921257992687,62.79365079365079,0.051722130293558835,0.05585317460317459,283.7186104471819,1.7022124164981307,184.33333333333334,1.8063492063492064,2.9047619047619047,991.1680555555556,139.109126984127
2019,33,23.7028,20.949955040755043,76.138,0.14154311454311455,0.26584,298.146050536251,4.279202059202059,144.778,2.1054,3.2516,990.8471999999999,103.41
2019,34,22.816646825396827,19.484797411978757,69.7936507936508,0.05604097926595787,0.0955952380952381,337.3833503061901,1.9393865330563362,127.01388888888889,2.419246031746032,3.6771825396825397,996.3253968253969,129.62301587301587
2019,35,21.41694610778443,17.53703035455674,66.44111776447106,0.11524062473134675,0.21301397205588823,356.46458693607696,3.7564838579100366,180.93413173652695,2.3920159680638724,4.005389221556887,993.6500998003992,108.62874251497006
2019,36,20.10184738955823,17.361988215404327,71.91967871485944,0.07961990020863889,0.05305220883534137,393.93097233386,2.5663777209178376,167.64658634538154,2.1194779116465865,3.369277108433735,995.5253012048192,92.41967871485944
2019,37,22.48402116402116,20.057245518439547,79.52380952380952,0.6020848140251125,0.46830687830687834,548.426770907368,4.7666429755982,185.23809523809524,2.5613756613756613,4.431216931216931,997.4253968253968,136.22222222222223
2019,38,21.764242424242422,19.966666666666665,85.77575757575758,0.8727272727272727,0.5321212121212121,646.9496969696969,5.090909090909091,142.72121212121212,2.183030303030303,3.9509090909090907,996.6642424242425,134.16969696969696
2019,39,18.91987951807229,15.81566265060241,74.99397590361446,1.1096385542168674,1.1096385542168674,779.3246987951808,9.759036144578314,214.1024096385542,3.027710843373494,5.643373493975903,992.0819277108434,113.5421686746988
2019,40,17.88888888888889,17.88888888888889,100.0,0.0,0.0,912.2000000000002,0.0,98.88888888888889,0.6888888888888889,1.2555555555555555,996.5333333333333,6.888888888888889
2020,13,7.676335877862596,5.896946564885496,79.34351145038168,0.19694656488549617,0.18396946564885497,8.122900763358778,6.870229007633588,137.58778625954199,2.0114503816793894,3.8099236641221377,988.4022900763358,94.85496183206106
2020,14,5.932530120481927,3.9590361445783135,74.79518072289157,0.03614457831325301,0.013855421686746989,24.96325301204819,2.891566265060241,104.94578313253012,2.6506024096385543,3.77289156626506,998.122891566265,150.50602409638554
2020,15,10.568072289156627,7.172289156626506,62.897590361445786,0.028915662650602407,0.08072289156626507,32.40602409638554,3.6144578313253013,170.04819277108433,1.9487951807228916,3.36566265060241,988.7620481927711,181.5120481927711
2020,16,5.122395209580839,1.7581379409854991,54.221556886227546,0.18795180722891566,0.1748502994011976,53.61458047759902,7.8980593030805855,222.34131736526948,2.3910179640718563,6.782035928143712,1007.4389221556886,185.52694610778443
2020,17,7.976506024096385,4.958433734939759,65.04819277108433,0.07590361445783132,0.06867469879518072,73.35301204819277,6.867469879518072,124.8012048192771,2.9662650602409637,4.693373493975904,990.7746987951807,146.25903614457832
2020,18,13.888023952095809,9.611377245508981,60.964071856287426,0.38802395209580837,0.437125748502994,44.78802395209581,14.730538922155688,177.94011976047904,2.2766467065868263,4.1239520958083835,989.5538922155689,145.5449101796407
2020,19,7.762654320987654,4.474691358024692,62.03703703703704,0.12777777777777777,0.1228395061728395,8.166358024691359,7.407407407407407,139.87654320987653,4.0095679012345675,6.171296296296297,995.8135802469135,205.12654320987653
2020,20,12.088990825688073,9.949235474006116,76.73394495412845,1.18348623853211,0.8055045871559632,32.310091743119266,12.110091743119266,140.50152905198777,2.596024464831804,4.251987767584098,995.7877675840978,173.46483180428135
2020,21,13.887155963302753,12.758409785932722,89.46177370030581,0.011009174311926606,0.09571865443425076,98.45474006116208,1.651376146788991,92.9571865443425,2.129051987767584,3.4519877675840975,993.3422018348624,162.12844036697248
2020,22,19.972205438066467,16.525075528700906,71.50755287009063,0.038066465256797584,0.10483383685800605,113.48036253776435,2.3564954682779455,147.96374622356495,1.9842900302114803,3.447432024169184,995.4296072507553,230.2809667673716
2020,23,21.409609609609607,17.26816816816817,68.27027027027027,0.043243243243243246,0.04264264264264264,127.03303303303304,1.0810810810810811,139.83783783783784,2.2612612612612613,3.9834834834834836,992.8384384384385,210.52852852852854
2020,24,19.57190332326284,15.589728096676737,68.45921450151057,0.045317220543806644,0.15619335347432023,146.7513595166163,3.081570996978852,125.62839879154079,3.096978851963746,5.305740181268883,995.0528700906344,244.86102719033232
2020,25,21.31450151057402,17.523262839879152,70.38670694864048,0.045317220543806644,0.1280966767371601,160.19486404833836,1.4501510574018126,117.00302114803625,1.4314199395770393,2.6012084592145017,997.87250755287,267.4833836858006
2020,26,22.341141141141144,19.06126126126126,74.58558558558559,0.41801801801801797,0.45105105105105103,222.90210210210208,3.7837837837837838,188.15615615615616,1.6057057057057058,3.0909909909909907,989.3273273273273,195.96696696696696
2020,27,24.39425981873112,21.793957703927493,80.33836858006042,0.016314199395770394,0.03746223564954683,259.531419939577,1.4501510574018126,92.55891238670695,1.4220543806646526,2.3851963746223563,993.8734138972809,250.05438066465257
2020,28,26.97554347826087,22.77173913043478,70.92934782608695,0.3065217391304348,0.22880434782608697,269.8673913043478,1.9565217391304348,168.06521739130434,1.4076086956521738,2.533152173913044,992.6380434782608,207.7663043478261
2020,29,25.553821656050953,21.573248407643312,71.62738853503184,0.4127388535031847,0.3410828025477707,318.0665605095541,6.496815286624204,168.86942675159236,2.3372611464968154,4.290764331210191,994.1442675159235,201.98726114649682
2020,30,24.392105263157895,21.051879699248122,75.37218045112782,0.03157894736842105,0.0387218045112782,357.7812030075188,2.9323308270676693,155.98496240601503,1.9432330827067668,3.3045112781954886,995.5263157894736,216.54135338345864
2020,31,24.33731343283582,20.53641791044776,72.21492537313434,0.33313432835820894,0.2808955223880597,366.8265671641791,5.731343283582089,150.5910447761194,2.7244776119402987,4.525373134328358,991.6223880597015,166.2507462686567
2020,32,22.462839879154078,18.238066465256797,67.51963746223565,0.03444108761329305,0.027190332326283987,408.09697885196374,0.18126888217522658,157.89728096676737,2.5682779456193354,4.402416918429003,997.2876132930514,206.35649546827796
2020,33,23.83863247863248,20.814764892710514,75.27350427350427,0.054535595321093804,0.14045584045584045,432.24838570850653,1.2508069305652387,123.07692307692308,3.941025641025641,2.7504273504273504,994.2333333333333,235.3760683760684
2020,34,24.149698795180722,18.640361445783135,59.84036144578313,0.010843373493975903,0.05271084337349398,434.00120481927706,0.9036144578313253,160.49397590361446,1.9045180722891566,3.2325301204819277,994.4906626506025,216.59638554216866
2020,35,27.073952095808384,21.885928143712572,65.0688622754491,0.0017964071856287425,0.05059880239520958,446.48083832335334,0.5389221556886228,188.83532934131736,2.291017964071856,4.132634730538922,991.1080838323353,202.12275449101796
2020,36,23.143202416918427,17.829909365558912,61.794561933534744,0.19395770392749245,0.20090634441087613,462.41299093655584,4.169184290030212,208.3021148036254,2.4229607250755287,4.6299093655589125,992.4305135951662,163.16918429003022
2020,37,18.915151515151514,17.106666666666666,84.2,0.45818181818181813,0.4509090909090909,538.8460606060606,9.272727272727273,105.54545454545455,3.728484848484849,5.87060606060606,997.8372727272726,89.04545454545455
2020,38,18.264457831325302,14.078614457831327,63.74698795180723,0.0,0.0,559.2135542168675,0.0,130.78313253012047,2.8051204819277107,4.689156626506024,1002.906626506024,178.25
2020,39,20.838959276018098,15.615475982119165,61.69004524886878,0.004389411222803261,0.001493212669683258,554.9109475476504,0.7193757281816457,206.0,2.2029411764705884,3.7839366515837103,992.9723981900452,148.75113122171945
2020,40,11.691035856573704,9.52519753031106,66.75697211155378,0.0833869138605502,0.12284860557768924,377.84948818716646,6.654317446149388,232.47410358565736,2.208565737051793,3.610557768924303,993.1338645418327,116.08964143426294
2020,41,16.711939393939392,12.173387709851125,60.27272727272727,0.00480677858726638,0.00026262626262626266,141.48793360433626,0.6947524020694753,177.04242424242423,2.6096969696969694,4.125858585858586,993.5137373737374,138.91313131313132
2020,42,13.11468253968254,8.650714490000205,50.648809523809526,0.11224030152601579,0.10634920634920635,146.08736772486787,3.175675675675676,231.58531746031747,2.79781746031746,4.712896825396826,992.9017857142857,79.1984126984127
2020,43,9.67119760479042,8.004344915134213,75.53293413173652,0.32252180541342396,0.3997604790419162,70.19494786861327,7.348405988708466,161.2375249500998,3.509181636726547,5.211377245508983,998.3880239520959,61.930139720558884
2020,44,5.183734939759036,3.2530543797201577,62.48995983935743,0.06901321297273687,0.028995983935742972,15.346707676627947,3.105594583773159,223.36746987951807,3.3072289156626504,5.110240963855422,998.4744979919678,69.67871485943775
2020,45,15.331457085828344,9.671485173365843,50.333333333333336,0.006712323855283444,0.0,17.682647280289714,0.12047760765893364,222.38323353293413,3.1650698602794414,5.088622754491018,998.455489021956,92.92614770459082
2020,46,9.89776892430279,7.5354032969916735,65.50796812749005,0.21925471765632082,0.23713147410358568,32.90467948565024,3.8039458930744092,218.42828685258965,3.692231075697211,5.712350597609562,991.9408366533864,65.79282868525897
2020,47,7.7675600000000005,4.2790174528990805,53.908,0.051193486198335025,0.00266,28.417155294289472,2.088564334745144,208.736,3.5558,5.3473999999999995,1002.0871999999999,74.56
2020,48,5.876161616161616,4.075875551867622,72.82222222222222,0.2568957871396896,0.16397979797979798,43.98023582374698,7.710085291036959,166.53939393939393,2.9183838383838383,3.596969696969697,995.4822222222223,46.63838383838384
2020,49,2.350743405275779,0.1501743390563623,57.992805755395686,0.0,0.002062350119904077,51.725073928587186,0.684115284459549,151.97601918465227,3.511990407673861,4.094724220623501,996.410071942446,59.141486810551555
2021,20,19.273078602620085,17.49318470806939,68.24454148471615,0.07877307231784017,0.024890829694323144,19.231088954415736,3.559702976498511,101.14192139737992,2.40589519650655,2.4336244541484713,1002.4790393013101,172.79694323144105
2021,21,14.109056224899598,13.200719597964758,67.72690763052209,0.4017531202654931,0.21144578313253012,21.692864032422897,6.327926234915855,74.5281124497992,3.6859437751004016,4.037951807228916,997.6504016064257,204.9718875502008
2021,22,19.813061630218687,15.768252422638843,53.68986083499006,0.005794838221426726,0.0005964214711729623,9.623720350340003,0.42853424352512665,118.25248508946322,2.429423459244533,2.4789264413518888,995.0073558648112,255.98608349900596
2021,23,20.884736842105262,20.890966522744225,82.01417004048584,0.1263304671159656,0.03502024291497976,11.518382523820575,1.8284672872047654,60.93927125506073,1.9965587044534412,1.5240890688259108,992.7362348178137,248.37854251012146
2021,24,21.992248995983935,17.932623091468685,65.63654618473896,0.2534061651715348,0.07630522088353414,18.524448108280417,2.605067895862494,80.57429718875503,2.677710843373494,2.6963855421686747,991.3236947791165,261.29116465863456
2021,25,21.763595959595957,18.55327377803362,70.95151515151515,0.653916313748064,0.41979797979797984,57.08608631772265,9.68339569370777,132.47070707070708,2.697979797979798,3.1769696969696968,990.8115151515152,152.41010101010102
2021,26,22.25926294820717,19.74321783255219,76.43227091633466,0.34241119482928634,0.2051792828685259,162.56593854190464,4.436867671129074,94.91832669322709,2.581274900398406,2.5221115537848604,996.2458167330677,217.24701195219123
2021,27,22.77086172344689,19.960666369619023,74.4308617234469,0.13048165408959506,0.08917835671342686,176.9674612609449,5.404423610019092,95.76352705410822,3.1372745490981964,3.3877755511022043,993.3745490981964,173.9318637274549
2021,28,22.03224,20.491483211307987,83.762,0.2437496420892191,0.0432,203.43574206653798,3.878616259764296,68.208,2.8907999999999996,2.93,996.0892,155.1
2021,29,24.24722672064777,21.20327375759126,74.28947368421052,0.08058083963968855,0.06963562753036438,210.59750880125537,1.4739337753308557,90.84615384615384,2.3935222672064773,2.2269230769230766,996.6647773279353,210.31174089068827
2021,30,24.519879032258064,20.301688116182852,65.7399193548387,0.05667955894701947,0.04701612903225807,230.2393213788236,1.8002325734609004,93.22177419354838,2.8743951612903227,2.9348790322580647,995.0506048387097,226.9959677419355
2021,31,24.124759493670886,18.983297401261346,59.678481012658224,0.14602138032830883,0.0450379746835443,237.4226470456678,2.1786465089233795,105.00506329113924,2.2977215189873417,2.169620253164557,996.3789873417721,228.4860759493671
2021,32,25.736884816753925,22.46714705936766,72.46335078534031,0.44600669713059404,0.2756020942408377,267.84131130557074,3.083085120159843,125.51047120418848,2.688743455497382,3.054973821989529,991.9848167539267,138.48167539267016
2021,33,24.446724890829696,22.566822544796626,80.98471615720524,0.04855950060585911,0.014585152838427947,281.4940790603668,0.3577547407784844,67.10480349344978,2.173144104803493,1.7956331877729257,994.6048034934498,213.33624454148472
2021,34,26.929679358717436,23.28029755919088,73.52304609218437,0.20325633357238734,0.385751503006012,319.080275170987,2.9851856105568353,125.59318637274549,2.348496993987976,2.407815631262525,995.340881763527,208.67935871743487
2021,35,22.722104208416834,18.51080308583314,63.07615230460922,0.010752906304008502,0.010701402805611222,342.64055084780523,1.238106023677166,101.94589178356713,2.7016032064128255,2.8052104208416835,993.1374749498998,179.62725450901803
2021,36,22.58104417670683,17.759931053457183,61.06425702811245,0.11069948505679156,0.027590361445783133,348.1272946181454,0.7085027225466282,137.69477911646587,2.5855421686746984,2.7417670682730924,991.4765060240964,190.05220883534136
2021,37,22.979098360655737,19.143182438882825,68.73155737704919,0.005472833079588124,0.09036885245901638,349.33814358221184,0.7322876761175061,96.55327868852459,2.541393442622951,2.4901639344262296,995.3930327868852,175.172131147541
2021,38,19.04022727272727,14.939625343460165,59.82644628099174,0.04077929007562834,0.0921694214876033,361.4529597145335,5.094051368009517,136.47520661157026,3.3487603305785125,4.160123966942149,993.176652892562,119.17561983471074
2021,39,20.517128514056225,17.53145382643843,73.90963855421687,0.26720250467575063,0.10630522088353413,373.5333693656967,1.866223453891738,91.97590361445783,2.4347389558232932,2.2781124497991967,994.1078313253013,135.54819277108433
2021,40,20.03208,18.68672140197152,85.754,0.32529437020810514,0.11412,404.1087891785325,2.568867469879518,80.174,2.7194000000000003,2.684,994.8992,69.29
2021,41,16.862550200803213,14.208216700317147,68.85742971887551,0.07268346111719604,0.2760240963855422,448.87628599831953,3.6954565248947597,152.80722891566265,2.5102409638554217,2.6666666666666665,991.144578313253,76.22489959839358
2021,42,14.156875000000001,9.990373298750558,57.5162037037037,0.001231060606060606,0.0015277777777777776,459.1222854169195,0.23617196056955092,152.38888888888889,2.5715277777777774,2.704398148148148,994.8645833333334,99.6574074074074
2021,43,11.764578833693305,9.726169176736132,75.53995680345572,0.2268554879246024,0.20323974082073432,21.45304509545869,6.991065284801786,75.45788336933046,4.110583153347732,4.71879049676026,988.1526997840173,60.16414686825054
2021,44,7.387744510978044,3.987705474755471,52.786427145708586,0.011687468436620727,0.0,42.39441039770021,0.3473157884816495,169.4750499001996,2.508183632734531,2.685828343313373,1003.049500998004,91.48902195608783
2021,45,8.608995983935742,6.7414985242173495,71.3855421686747,0.23610465960226446,0.13552208835341364,54.64979859195821,3.410872405283786,139.67469879518072,3.105020080321285,3.5957831325301206,991.2146586345382,47.39558232931727
2021,46,5.44374749498998,2.8146256623464234,61.476953907815634,0.06778948279845096,0.02813627254509018,70.473806979518,2.1037047341142445,153.8697394789579,2.8228456913827653,3.194188376753507,997.3270541082164,49.41683366733467
2021,47,2.179396378269618,-0.07880019593291043,52.96177062374245,0.013801236421550444,0.011187122736418512,73.80996485270508,2.2513757218128316,179.74245472837023,2.914486921529175,3.3766599597585514,995.9569416498994,55.545271629778675
2021,48,6.13582504970179,3.000467658525301,59.08548707753479,0.019214443071301913,0.04695825049701789,68.02072356281478,1.191613870748643,138.1013916500994,2.7954274353876736,2.956262425447316,993.3773359840955,47.864811133200796
2021,49,1.519954954954955,-0.23037012169962467,58.96396396396396,0.3318089168631327,0.23466216216216215,14.615831175486864,2.410560544360512,154.53153153153153,3.410135135135135,4.210135135135135,991.2308558558559,56.281531531531535
2021,50,6.05402,4.076546075023206,67.53,0.015654230748229955,0.02634,29.24724232022279,1.6179458711755819,125.506,3.5198,4.0526,997.4878,50.002
2021,51,3.560060975609756,1.865031872587191,69.2479674796748,0.030980943247305,0.01845528455284553,31.83945177246457,2.3262574635477096,125.73983739837398,3.0378048780487803,3.2979674796747966,990.1193089430894,51.0
2021,52,2.852960893854749,1.9384379256568687,78.81843575418995,0.29589000532996423,0.17854748603351955,33.10531318475236,5.495094458811221,110.53072625698324,3.156703910614525,3.189106145251397,986.8614525139666,26.12849162011173
2022,1,-6.714291417165669,-7.50924539424458,64.04590818363273,0.0029249250335778155,0.00019960079840319363,28.66042555209656,1.4812246984759965,172.35129740518963,3.4686626746506986,4.3375249500998,996.9379241516966,62.69061876247505
2022,2,-2.8016666666666667,-4.044191873233114,66.22690763052209,0.0035380191460706754,0.0018674698795180724,28.71130321891796,2.3978087576893676,110.96987951807229,3.4413654618473895,3.576907630522088,999.1853413654618,48.0
2022,3,-4.744121212121213,-6.027882782785283,62.82020202020202,0.02394700090717666,0.01888888888888889,29.901289189616563,3.9321343065369434,166.77575757575758,3.1977777777777776,3.7767676767676766,997.7074747474747,64.88282828282829
2022,4,-7.696305220883534,-8.631252446312688,60.77710843373494,0.03960095911903139,0.01783132530120482,36.07238931154589,6.6558255955846315,154.74899598393574,2.999598393574297,3.2437751004016064,997.7542168674698,67.64859437751004
2022,5,-3.13776,-4.24711518570242,67.362,0.07953606615734275,0.06258,15.89882212181788,8.860448533640023,125.916,3.9024,4.699,1000.5432,68.062
2022,6,-2.2376814516129033,-3.4314683257716894,64.18951612903226,0.11999518669388261,0.04308467741935484,4.122127481303873,2.4500530355025893,172.07258064516128,3.1794354838709675,3.7375,992.7171370967742,83.60887096774194
2022,7,-1.3890101010101008,-3.4715949185192514,60.97575757575758,0.1204671208547093,0.2220808080808081,7.340241911035596,4.760758739637346,147.73939393939395,3.8353535353535353,4.864444444444445,996.6343434343435,98.60606060606061
2022,8,-1.5645908183632735,-2.224103791701609,72.80439121756487,0.25430815016673236,0.15558882235528942,18.68898342023612,7.233889714538212,110.6187624750499,3.3818363273453094,3.5970059880239518,1000.9223552894211,95.1996007984032
2022,9,4.8017529880478085,2.093639715223232,64.16733067729083,0.1474465773270554,0.06067729083665339,25.55839631974136,0.7703244011741366,103.28884462151395,3.4657370517928285,3.742629482071713,996.9998007968128,117.96613545816733
2022,10,-0.811881390593047,-2.2368894042330933,58.34969325153374,0.16781042566188104,0.08987730061349694,24.071856408830705,7.398751533459796,163.21267893660533,3.2713701431492845,3.670756646216769,996.178936605317,-53.445807770961146
2022,11,7.322430278884462,5.21303890527902,72.92828685258964,0.1226273286026072,0.1201593625498008,26.190471431737414,7.9308459208903574,95.0179282868526,2.9153386454183265,2.9918326693227093,993.0085657370518,117.10956175298804
2022,12,5.619679358717434,4.071337856435764,69.96593186372745,0.10840838303112248,0.12374749498997996,41.54748171040879,7.959714609942777,131.02605210420842,3.149298597194389,3.431663326653307,988.472745490982,93.92985971943888
2022,13,3.3571543086172344,1.7309248958971888,71.35871743486975,0.5579683958681635,0.43360721442885775,64.32665023165312,12.785741402605996,117.29258517034069,3.1454909819639276,3.3264529058116232,990.5685370741484,106.31462925851703
2022,14,6.283866396761134,4.6191101060193995,73.31174089068826,0.25453865283652516,0.28058704453441297,90.6423824327968,11.629193874434636,128.21862348178138,3.2848178137651822,3.58502024291498,984.6817813765182,130.3987854251012
2022,15,9.466457489878543,6.4180643057457765,57.66599190283401,0.08566425357072978,0.13953441295546556,112.13009489336721,2.0039733305239076,133.56477732793522,3.4775303643724693,3.964574898785425,990.9085020242915,162.1497975708502
2022,16,11.956296296296296,8.245442829784839,67.28641975308642,0.1608275067903321,0.2721728395061728,75.82687402734489,7.594013659936833,120.32098765432099,3.3466666666666662,3.791358024691358,996.7419753086419,136.9604938271605
2022,17,8.43528,6.529926863774524,66.672,0.15762767615363363,0.20046,27.590697817076553,4.624254213871235,116.342,3.47,3.8556,996.553,116.294
2022,18,8.485566801619433,7.679623402125765,78.83198380566802,0.3713128976286871,0.250748987854251,21.306655053109495,6.428623377882754,51.79352226720648,3.7746963562753035,4.142914979757085,993.6257085020243,126.5506072874494
2022,19,21.593286852589642,16.995728485687895,62.537848605577686,0.02032989537178389,0.012749003984063744,17.083918152450345,1.3472819784714742,94.72709163346613,2.6661354581673304,2.7247011952191236,993.734860557769,233.36653386454182
2022,20,16.35845041322314,13.352189866039142,69.21280991735537,0.31305548322525406,0.21873966942148762,28.51294302951987,6.052078279526526,105.78305785123968,2.575413223140496,2.69400826446281,989.7400826446282,163.46074380165288
2022,21,15.960420841683367,13.574200259338804,74.687374749499,0.17508851666826603,0.06691382765531062,41.024097488535,3.3614389442452026,80.56713426853707,2.9717434869739474,3.306613226452906,993.102004008016,199.4629258517034
2022,22,20.534690618762472,16.110938700301855,62.31736526946108,0.07238577152672768,0.03189620758483034,22.23138097837188,2.2205504251977954,97.0379241516966,2.381636726546906,2.436327345309381,991.3127744510979,220.57684630738524
2022,23,17.51226720647773,15.173524982719464,74.84008097165992,0.21255760927134482,0.23281376518218624,58.842939711123286,4.081995026796053,94.6497975708502,2.568825910931174,2.493522267206478,989.7257085020243,170.91295546558703
2022,24,24.226754032258064,18.960211834395725,60.96774193548387,0.07944861011115596,0.1377217741935484,82.25051176239903,0.6146768047482747,87.9758064516129,2.7131048387096777,2.849798387096774,993.8483870967742,282.3891129032258
2022,25,25.414431137724552,18.928379767411283,54.259481037924154,0.13461221270034782,0.0813373253493014,89.04963785004846,1.9072035569579404,116.15169660678643,2.4085828343313374,2.549500998003992,995.4071856287425,253.95009980039922
2022,26,23.231354581673305,17.82742083027407,56.37250996015936,0.034606801370598045,0.008326693227091633,104.30110379979078,0.6431505737096479,106.63147410358566,2.3637450199203185,2.300199203187251,997.552390438247,258.5557768924303
2022,27,22.90793172690763,20.755321083527267,79.74698795180723,0.2197403395080766,0.3345582329317269,143.89540238854002,3.0280791745232283,65.43574297188755,2.886947791164659,2.888955823293173,994.9722891566265,200.16867469879517
2022,28,22.36788844621514,19.91972469403822,77.19123505976096,0.20849774554476705,0.27846613545816734,170.3914509626168,4.378653052460816,88.2988047808765,2.8774900398406373,2.9229083665338647,993.1513944223108,161.0
2022,29,26.734570858283433,21.532987245896695,62.6686626746507,0.2596943108087899,0.30207584830339324,225.03219473132035,2.1696114124897568,142.92215568862275,2.644111776447106,3.0409181636726546,988.9189620758483,242.43912175648703
2022,30,23.144828973843058,19.177524746148393,64.57344064386318,0.07961037168408726,0.058048289738430583,270.029206170632,0.9889504294205288,115.40040241448692,2.24989939637827,2.0696177062374246,994.6255533199196,219.0281690140845
2022,31,25.631737373737373,22.395624052559224,75.60808080808081,0.028531285261893486,0.12074747474747476,278.28550089399107,1.724769994562154,111.61818181818182,2.418181818181818,2.452121212121212,993.1983838383838,183.64040404040404
2022,32,21.709640718562877,18.96581646430614,72.45309381237524,0.07045920366686613,0.0686626746506986,305.93253773224245,1.9782170174803515,85.5688622754491,2.677844311377245,2.64810379241517,996.9049900199601,174.7864271457086
2022,33,22.059810810810813,19.407439201843964,75.34324324324324,0.2048331530771057,0.13678378378378378,242.28999081014095,2.8985529358000277,49.50810810810811,2.670810810810811,1.8935135135135135,995.2624324324323,196.04594594594596
2022,34,22.851731343283582,19.559495201289568,70.47164179104477,0.033116819768124216,0.05077611940298508,216.87827022452126,1.206852254850127,67.64179104477611,2.425373134328358,1.3597014925373134,994.6602985074627,208.84477611940298
2022,35,24.385285285285285,19.993994849766437,63.46546546546546,0.02424522495224464,0.044774774774774775,217.17892537945926,1.7011629622552353,96.65465465465465,2.4336336336336335,1.7027027027027026,994.4468468468468,178.53153153153153
2022,36,21.718208955223883,19.036998450500548,73.94925373134329,0.12608820840606141,0.32758208955223883,61.2064956438499,2.4121797763939843,53.08358208955224,2.593731343283582,1.527462686567164,995.177313432836,159.2179104477612
2022,37,21.474698795180725,17.708384301236688,67.90361445783132,0.09420320128589582,9.036144578313253e-05,34.314287136792814,1.3777000449638694,89.53313253012048,2.350602409638554,1.4093373493975903,994.5731927710843,157.56024096385542
2022,38,18.961385542168674,15.59926717971638,65.92168674698796,0.010928297680278554,0.14927710843373496,43.57847315947004,2.389523773493272,81.55722891566265,2.6584337349397593,1.87710843373494,993.2006024096385,142.86746987951807
2022,39,13.885658682634732,11.092213776040735,66.25748502994011,0.014650937645666724,0.027694610778443114,49.68216680411637,1.7458496181290115,72.01796407185628,3.047005988023952,2.1305389221556887,1002.1422155688623,151.65868263473052
2022,40,14.40516417910448,10.42697792474752,55.93432835820896,0.0668109425653442,0.09125373134328359,37.54391862137324,4.085785552368804,83.36417910447761,2.651343283582089,1.848358208955224,1001.3495522388059,133.2537313432836
2022,41,12.023060606060607,8.72361348423999,59.551515151515154,0.08824242424242422,0.15878787878787878,25.388484848484847,5.430303030303031,112.42424242424242,2.4072727272727272,1.6454545454545455,989.8575757575758,102.22121212121212
2022,42,11.70689552238806,6.844494351898776,48.298507462686565,0.024748982360922656,0.00023880597014925374,33.066491180461355,0.5470827679782904,128.37611940298507,2.5755223880597016,2.066268656716418,989.6071641791045,99.08955223880596
2022,43,12.608233438485804,10.425471293375393,67.98738170347004,0.33903848580441637,0.18637223974763406,17.214091272344923,7.6376025236593055,62.30283911671924,2.6914826498422713,1.7220820189274446,996.9381703470033,87.34700315457414
2022,44,16.224831460674157,12.019597693067716,59.1310861423221,0.05939775280898877,0.1195880149812734,8.889159550561793,3.818426966292135,95.07116104868913,2.4018726591760298,1.652434456928839,993.1640449438202,74.8501872659176
2022,45,9.341484848484848,5.774332578501403,52.38181818181818,0.004731653888280393,0.0009090909090909091,17.839233296823636,0.7754654983570646,109.04242424242425,2.826060606060606,2.1103030303030303,1000.3657575757576,73.10303030303031
2022,46,-0.5156325301204819,-1.4822960516765857,61.05120481927711,0.06055305559587748,0.04954819277108433,28.89613695746844,9.923973000435476,125.58433734939759,2.608132530120482,2.1704819277108434,999.3277108433734,48.26204819277108
2022,47,7.569790419161676,3.6091266064653036,54.99700598802395,0.029043708989207214,0.04053892215568862,34.39728208254153,1.0789200043027716,104.8622754491018,2.600898203592814,1.9841317365269462,995.5811377245508,62.56586826347306
2022,48,2.60244776119403,1.0555257680026653,56.80298507462687,0.0838316203414067,0.011164179104477612,39.986183508153324,1.6259735616961466,119.08358208955224,2.6770149253731343,2.273731343283582,994.8561194029851,62.71940298507463
2022,49,4.054561933534743,2.4466044127071314,75.35045317220543,0.13589987052222702,0.05649546827794562,30.673631001425576,3.3925007520173684,68.79154078549848,2.845619335347432,1.9163141993957702,999.1794561933535,25.98489425981873
2022,50,0.5701223241590214,-0.3835617414097668,72.83792048929664,0.3240521777119304,0.29232415902140674,31.207883719236918,12.99930037165777,101.19877675840979,2.766360856269113,2.5293577981651376,990.6978593272172,21.171253822629968
2022,51,-8.62566265060241,-8.432406373092595,63.40060240963855,0.020474444361296088,0.008493975903614457,52.686847128774815,3.1325029083017553,120.26506024096386,2.7361445783132528,2.316265060240964,997.4322289156627,47.144578313253014
2022,52,"[-1.03368056         nan         nan         nan         nan         nan
         nan         nan         nan         nan         nan         nan
         nan         nan         nan         nan         nan         nan
         nan         nan         nan         nan         nan         nan
         nan         nan         nan         nan         nan         nan
         nan         nan         nan         nan         nan         nan
         nan         nan         nan         nan         nan         nan
         nan         nan         nan         nan         nan         nan
         nan         nan         nan         nan  1.44795775]","[-2.04955268         nan         nan         nan         nan         nan
         nan         nan         nan         nan         nan         nan
         nan         nan         nan         nan         nan         nan
         nan         nan         nan         nan         nan         nan
         nan         nan         nan         nan         nan         nan
         nan         nan         nan         nan         nan         nan
         nan         nan         nan         nan         nan         nan
         nan         nan         nan         nan         nan         nan
         nan         nan         nan         nan -0.71401408]","[80.81944444         nan         nan         nan         nan         nan
         nan         nan         nan         nan         nan         nan
         nan         nan         nan         nan         nan         nan
         nan         nan         nan         nan         nan         nan
         nan         nan         nan         nan         nan         nan
         nan         nan         nan         nan         nan         nan
         nan         nan         nan         nan         nan         nan
         nan         nan         nan         nan         nan         nan
         nan         nan         nan         nan 69.51056338]","[0.07173423        nan        nan        nan        nan        nan
        nan        nan        nan        nan        nan        nan
        nan        nan        nan        nan        nan        nan
        nan        nan        nan        nan        nan        nan
        nan        nan        nan        nan        nan        nan
        nan        nan        nan        nan        nan        nan
        nan        nan        nan        nan        nan        nan
        nan        nan        nan        nan        nan        nan
        nan        nan        nan        nan 0.        ]","[0.07611111        nan        nan        nan        nan        nan
        nan        nan        nan        nan        nan        nan
        nan        nan        nan        nan        nan        nan
        nan        nan        nan        nan        nan        nan
        nan        nan        nan        nan        nan        nan
        nan        nan        nan        nan        nan        nan
        nan        nan        nan        nan        nan        nan
        nan        nan        nan        nan        nan        nan
        nan        nan        nan        nan 0.        ]","[31.33105918         nan         nan         nan         nan         nan
         nan         nan         nan         nan         nan         nan
         nan         nan         nan         nan         nan         nan
         nan         nan         nan         nan         nan         nan
         nan         nan         nan         nan         nan         nan
         nan         nan         nan         nan         nan         nan
         nan         nan         nan         nan         nan         nan
         nan         nan         nan         nan         nan         nan
         nan         nan         nan         nan 54.28413146]","[19.80730731         nan         nan         nan         nan         nan
         nan         nan         nan         nan         nan         nan
         nan         nan         nan         nan         nan         nan
         nan         nan         nan         nan         nan         nan
         nan         nan         nan         nan         nan         nan
         nan         nan         nan         nan         nan         nan
         nan         nan         nan         nan         nan         nan
         nan         nan         nan         nan         nan         nan
         nan         nan         nan         nan  0.92018779]","[ 82.69444444          nan          nan          nan          nan
          nan          nan          nan          nan          nan
          nan          nan          nan          nan          nan
          nan          nan          nan          nan          nan
          nan          nan          nan          nan          nan
          nan          nan          nan          nan          nan
          nan          nan          nan          nan          nan
          nan          nan          nan          nan          nan
          nan          nan          nan          nan          nan
          nan          nan          nan          nan          nan
          nan          nan 102.42253521]","[5.30277778        nan        nan        nan        nan        nan
        nan        nan        nan        nan        nan        nan
        nan        nan        nan        nan        nan        nan
        nan        nan        nan        nan        nan        nan
        nan        nan        nan        nan        nan        nan
        nan        nan        nan        nan        nan        nan
        nan        nan        nan        nan        nan        nan
        nan        nan        nan        nan        nan        nan
        nan        nan        nan        nan 2.52112676]","[6.04305556        nan        nan        nan        nan        nan
        nan        nan        nan        nan        nan        nan
        nan        nan        nan        nan        nan        nan
        nan        nan        nan        nan        nan        nan
        nan        nan        nan        nan        nan        nan
        nan        nan        nan        nan        nan        nan
        nan        nan        nan        nan        nan        nan
        nan        nan        nan        nan        nan        nan
        nan        nan        nan        nan 1.72992958]","[992.86041667          nan          nan          nan          nan
          nan          nan          nan          nan          nan
          nan          nan          nan          nan          nan
          nan          nan          nan          nan          nan
          nan          nan          nan          nan          nan
          nan          nan          nan          nan          nan
          nan          nan          nan          nan          nan
          nan          nan          nan          nan          nan
          nan          nan          nan          nan          nan
          nan          nan          nan          nan          nan
          nan          nan 992.70669014]","[30.46527778         nan         nan         nan         nan         nan
         nan         nan         nan         nan         nan         nan
         nan         nan         nan         nan         nan         nan
         nan         nan         nan         nan         nan         nan
         nan         nan         nan         nan         nan         nan
         nan         nan         nan         nan         nan         nan
         nan         nan         nan         nan         nan         nan
         nan         nan         nan         nan         nan         nan
         nan         nan         nan         nan 43.22183099]"
2023,1,1.6496096096096098,1.3302217880531144,78.22522522522523,0.10167155106914141,0.14546546546546546,17.733622779405906,5.7635949202214265,87.11411411411412,2.387087087087087,1.3969969969969969,994.0225225225225,25.54054054054054
2023,2,2.138,0.9536378349217768,71.91940298507463,0.00284840855961158,0.002925373134328358,7.890339866930398,1.7277468081280345,81.31044776119403,2.838507462686567,2.237910447761194,995.210447761194,51.211940298507464
2023,3,2.7501197604790417,1.5259945947510503,75.71556886227545,0.06703225825961524,0.11191616766467066,20.998767381188834,11.490046384397354,92.81137724550898,2.7146706586826346,1.970059880239521,988.5667664670658,22.25449101796407
2023,4,-1.9059402985074627,-2.7625399946375904,75.62388059701493,0.21478595048708554,0.09946268656716419,48.85035660023235,18.613995888819375,96.05671641791045,2.915820895522388,2.3779104477611943,994.154328358209,43.51044776119403
2023,5,-5.833693693693693,-7.065530200859542,49.85585585585586,0.014716512920105703,0.0024924924924924928,62.2781014547482,2.6002049954145763,128.44444444444446,2.7594594594594595,2.3639639639639642,1002.3306306306306,93.08108108108108
2023,6,3.558779761904762,1.4388740591106939,62.160714285714285,0.10722105702536407,0.17452380952380953,38.03968416437349,4.531732576155778,114.90178571428571,2.688690476190476,2.0982142857142856,996.4547619047619,84.68154761904762
2023,7,4.155060240963856,1.6394624545384044,61.3855421686747,0.07741704563757587,0.19786144578313253,4.644800227481975,6.138215181239896,103.56626506024097,3.005421686746988,2.5599397590361446,991.1102409638554,88.33132530120481
2023,8,0.39085910652920963,-0.24819885132786135,70.30584192439862,0.31123722743304844,0.2884192439862543,18.31539688777276,7.337880830601707,84.56357388316151,3.029553264604811,2.3226804123711338,994.5109965635739,99.68384879725086
2023,9,4.20776397515528,2.845325183213382,74.99378881987577,0.11585329784087547,0.20009316770186336,52.8173567977916,4.655427388346643,80.81987577639751,2.837888198757764,1.9673913043478262,987.5503105590062,92.83540372670808
2023,10,2.791820987654321,1.6651377457704608,75.16358024691358,0.21597159490113418,0.1737654320987654,48.256900113754284,11.638562681923116,46.56481481481482,3.4614197530864197,2.6712962962962963,999.3598765432098,78.88888888888889
2023,11,0.5433841463414635,-0.9837533773915584,57.33536585365854,0.03097079190815274,0.03920731707317074,43.797672293723124,5.9911853865143,116.96036585365853,2.642987804878049,2.171951219512195,995.3356707317073,133.1829268292683
2023,12,5.007033639143731,2.6155096269367926,66.88990825688073,0.17776572901265675,0.1784097859327217,39.349246779675624,7.3563761985402945,80.32721712538226,2.8678899082568807,2.185015290519878,992.8681957186545,105.39449541284404
2023,13,2.9432558139534883,2.1225985844287156,76.90697674418605,0.031850353892821016,0.0011627906976744186,2.3916076845298297,1.2740141557128413,44.0,3.6186046511627907,3.013953488372093,998.3651162790698,239.41860465116278
2023,52,5.689148936170213,3.4395539605229435,83.51063829787235,0.12473724685977954,0.16638297872340427,39.47244296334273,5.875416559856447,96.76595744680851,2.472340425531915,1.5148936170212766,991.6276595744681,36.148936170212764
